{
  "Total" : {
    "transaction" : "Total",
    "sampleCount" : 10,
    "errorCount" : 0,
    "errorPct" : 0.0,
    "meanResTime" : 1905.6,
    "medianResTime" : 1959.0,
    "minResTime" : 1642.0,
    "maxResTime" : 2169.0,
    "pct1ResTime" : 2155.4,
    "pct2ResTime" : 2169.0,
    "pct3ResTime" : 2169.0,
    "throughput" : 4.357298474945535,
    "receivedKBytesPerSec" : 924.1276892701526,
    "sentKBytesPerSec" : 0.49785539215686275
  },
  "HTTP Request" : {
    "transaction" : "HTTP Request",
    "sampleCount" : 10,
    "errorCount" : 0,
    "errorPct" : 0.0,
    "meanResTime" : 1905.6,
    "medianResTime" : 1959.0,
    "minResTime" : 1642.0,
    "maxResTime" : 2169.0,
    "pct1ResTime" : 2155.4,
    "pct2ResTime" : 2169.0,
    "pct3ResTime" : 2169.0,
    "throughput" : 4.357298474945535,
    "receivedKBytesPerSec" : 924.1276892701526,
    "sentKBytesPerSec" : 0.49785539215686275
  }
}