{
  "Total" : {
    "transaction" : "Total",
    "sampleCount" : 100,
    "errorCount" : 0,
    "errorPct" : 0.0,
    "meanResTime" : 4360.18,
    "medianResTime" : 4318.0,
    "minResTime" : 1904.0,
    "maxResTime" : 7091.0,
    "pct1ResTime" : 6416.500000000001,
    "pct2ResTime" : 6735.15,
    "pct3ResTime" : 7089.629999999999,
    "throughput" : 14.098406880022557,
    "receivedKBytesPerSec" : 2990.0666810587904,
    "sentKBytesPerSec" : 1.6108531298463273
  },
  "HTTP Request" : {
    "transaction" : "HTTP Request",
    "sampleCount" : 100,
    "errorCount" : 0,
    "errorPct" : 0.0,
    "meanResTime" : 4360.18,
    "medianResTime" : 4318.0,
    "minResTime" : 1904.0,
    "maxResTime" : 7091.0,
    "pct1ResTime" : 6416.500000000001,
    "pct2ResTime" : 6735.15,
    "pct3ResTime" : 7089.629999999999,
    "throughput" : 14.098406880022557,
    "receivedKBytesPerSec" : 2990.0666810587904,
    "sentKBytesPerSec" : 1.6108531298463273
  }
}